{"upload_time": 0.12940192222595215, "processing_time": 303.12345621, "incoming_stats": {"Average": 123.23181270096462, "Median": 123.0, "Max": 249, "Min": 1, "Quintiles": [ 50,  98, 148, 196]}, "outgoing_stats": {"Average": 124.24145900321544, "Median": 124.0, "Max": 249, "Min": 1, "Quintiles": [ 50,  99, 149, 198]}, "top_5_pages": ["2526", "6846", "5971", "5778", "4961"]}